has_1_20_1_forge,new_file_id,new_name,new_url,new_version,old_file_id,old_name,project_id,slug,title,url
false,,,,,3747177,kubejs-immersive-engineering-1802.2.1-build.35.jar,421770,,KubeJS Immersive Engineering,https://www.curseforge.com/minecraft/mc-mods/kubejs-immersive-engineering
true,5137938,architectury-9.2.14-forge.jar,https://www.curseforge.com/minecraft/mc-mods/architectury-api/files/5137938,1.20.1,4521465,architectury-4.11.93-forge.jar,419699,,Architectury API,https://www.curseforge.com/minecraft/mc-mods/architectury-api
true,5372751,thermal_innovation-1.20.1-11.0.1.23.jar,https://www.curseforge.com/minecraft/mc-mods/thermal-innovation/files/5372751,1.20.1,4382344,thermal_innovation-1.18.2-9.2.0.17.jar,291737,,Thermal Innovation,https://www.curseforge.com/minecraft/mc-mods/thermal-innovation
true,6880323,IronJetpacks-1.20.1-7.0.9.jar,https://www.curseforge.com/minecraft/mc-mods/iron-jetpacks/files/6880323,1.20.1,3908627,IronJetpacks-1.18.2-5.1.4.jar,284497,,Iron Jetpacks,https://www.curseforge.com/minecraft/mc-mods/iron-jetpacks
true,8354922,fusion-1.3.5-forge-mc1.20.1.jar,https://www.curseforge.com/minecraft/mc-mods/fusion-connected-textures/files/8354922,1.20.1,4670829,fusion-1.0.5-forge-mc1.18.jar,854949,,Fusion (Connected Textures),https://www.curseforge.com/minecraft/mc-mods/fusion-connected-textures
true,7612389,Bookshelf-Forge-1.20.1-20.2.15.jar,https://www.curseforge.com/minecraft/mc-mods/bookshelf/files/7612389,1.20.1,4556713,Bookshelf-Forge-1.18.2-13.3.56.jar,228525,,Bookshelf,https://www.curseforge.com/minecraft/mc-mods/bookshelf
true,5605503,Morph-o-Tool-1.7-38.jar,https://www.curseforge.com/minecraft/mc-mods/morph-o-tool/files/5605503,1.20.1,3740184,Morph-o-Tool-1.5-32.jar,245287,,Morph-o-Tool,https://www.curseforge.com/minecraft/mc-mods/morph-o-tool
true,4834403,ftbbackups2-forge-1.20-1.0.23.jar,https://www.curseforge.com/minecraft/mc-mods/ftb-backups-2/files/4834403,1.20.1,4560440,ftbbackups2-forge-1.18.2-1.0.19.jar,622737,,FTB Backups 2,https://www.curseforge.com/minecraft/mc-mods/ftb-backups-2
true,4614852,ironchest-1.20.1-14.4.4.jar,https://www.curseforge.com/minecraft/mc-mods/iron-chests/files/4614852,1.20.1,3966367,ironchest-1.18.2-13.2.11.jar,228756,,Iron Chests,https://www.curseforge.com/minecraft/mc-mods/iron-chests
true,5372752,thermal_locomotion-1.20.1-11.0.1.19.jar,https://www.curseforge.com/minecraft/mc-mods/thermal-locomotion/files/5372752,1.20.1,4382347,thermal_locomotion-1.18.2-9.2.0.13.jar,406959,,Thermal Locomotion,https://www.curseforge.com/minecraft/mc-mods/thermal-locomotion
true,7949862,industrial-foregoing-1.20.1-3.5.22.jar,https://www.curseforge.com/minecraft/mc-mods/industrial-foregoing/files/7949862,1.20.1,4401654,industrial-foregoing-1.18.2-3.3.1.6-10.jar,266515,,Industrial Foregoing,https://www.curseforge.com/minecraft/mc-mods/industrial-foregoing
true,5429170,crafting-on-a-stick-1.20.1-1.1.5.jar,https://www.curseforge.com/minecraft/mc-mods/crafting-on-a-stick/files/5429170,1.20.1,3678727,Crafting-on-a-stick-1.18.1-1.0.1.jar,577850,,Crafting on a stick,https://www.curseforge.com/minecraft/mc-mods/crafting-on-a-stick
true,5828475,simplemagnets-1.1.12-forge-mc1.20.1.jar,https://www.curseforge.com/minecraft/mc-mods/simple-magnets/files/5828475,1.20.1,4288042,simplemagnets-1.1.9-forge-mc1.18.jar,394140,,Simple Magnets,https://www.curseforge.com/minecraft/mc-mods/simple-magnets
true,6265498,kubejs-create-forge-2001.3.0-build.8.jar,https://www.curseforge.com/minecraft/mc-mods/kubejs-create/files/6265498,1.20.1,4585765,kubejs-create-forge-1802.2.4-build.5.jar,429371,,KubeJS Create,https://www.curseforge.com/minecraft/mc-mods/kubejs-create
true,7454483,cookingforblockheads-forge-1.20.1-16.0.15.jar,https://www.curseforge.com/minecraft/mc-mods/cooking-for-blockheads/files/7454483,1.20.1,4065856,cookingforblockheads-forge-1.18.2-12.2.0.jar,231484,,Cooking for Blockheads,https://www.curseforge.com/minecraft/mc-mods/cooking-for-blockheads
true,7244744,Applied-Mekanistics-1.4.3.jar,https://www.curseforge.com/minecraft/mc-mods/applied-mekanistics/files/7244744,1.20.1,3968835,Applied-Mekanistics-1.2.2.jar,574300,,Applied Mekanistics,https://www.curseforge.com/minecraft/mc-mods/applied-mekanistics
true,5284254,framedcompactdrawers-1.20-6.0.1.jar,https://www.curseforge.com/minecraft/mc-mods/framed-compacting-drawers/files/5284254,1.20.2,3808242,framedcompactdrawers-1.18-4.1.0.jar,376351,,Framed Compacting Drawers,https://www.curseforge.com/minecraft/mc-mods/framed-compacting-drawers
true,7469697,ExtremeSoundMuffler-3.51-forge-1.20.1.jar,https://www.curseforge.com/minecraft/mc-mods/extreme-sound-muffler/files/7469697,1.20.1,4033047,extremesoundmuffler-3.30_forge-1.18.2.jar,363363,,Extreme sound muffler - (Neo)Forge,https://www.curseforge.com/minecraft/mc-mods/extreme-sound-muffler
true,4862132,rsrequestify-1.20.1-2.3.3.jar,https://www.curseforge.com/minecraft/mc-mods/rs-requestify/files/4862132,1.20.1,3617200,rsrequestify-2.2.0.jar,307788,,Refined Storage: Requestify,https://www.curseforge.com/minecraft/mc-mods/rs-requestify
true,4844585,refinedstorage-1.12.4.jar,https://www.curseforge.com/minecraft/mc-mods/refined-storage/files/4844585,1.20.1,4392829,refinedstorage-1.10.5.jar,243076,,Refined Storage,https://www.curseforge.com/minecraft/mc-mods/refined-storage
true,7247734,projectexpansion-1.20.1-1.1.3.jar,https://www.curseforge.com/minecraft/mc-mods/project-expansion/files/7247734,1.20.1,4380542,ProjectExpansion-1.18.2-1.0.20.jar,579177,,Project Expansion,https://www.curseforge.com/minecraft/mc-mods/project-expansion
true,5056687,modular-routers-12.1.1+mc1.20.1.jar,https://www.curseforge.com/minecraft/mc-mods/modular-routers/files/5056687,1.20.1,3776175,modular-routers-1.18.2-9.1.1-93.jar,250294,,Modular Routers,https://www.curseforge.com/minecraft/mc-mods/modular-routers
true,6945288,moreoverlays-1.24.1-mc1.20.1-forge.jar,https://www.curseforge.com/minecraft/mc-mods/more-overlays-updated/files/6945288,1.20.1,4459158,moreoverlays-1.20.11-mc1.18.2.jar,391382,,More Overlays Updated,https://www.curseforge.com/minecraft/mc-mods/more-overlays-updated
true,4640910,lemonlib-4.0.1.jar,https://www.curseforge.com/minecraft/mc-mods/lemon-lib/files/4640910,1.20.1,4640913,lemonlib-2.1.1.jar,471136,,Lemon Lib,https://www.curseforge.com/minecraft/mc-mods/lemon-lib
true,8216874,ftb-chunks-forge-2001.3.8.jar,https://www.curseforge.com/minecraft/mc-mods/ftb-chunks-forge/files/8216874,1.20.1,4494633,ftb-chunks-forge-1802.3.17-build.265.jar,314906,,FTB Chunks (NeoForge),https://www.curseforge.com/minecraft/mc-mods/ftb-chunks-forge
true,7880472,ftb-ultimine-forge-2001.1.8.jar,https://www.curseforge.com/minecraft/mc-mods/ftb-ultimine-forge/files/7880472,1.20.1,4216216,ftb-ultimine-forge-1802.3.3-build.70.jar,386134,,FTB Ultimine (NeoForge),https://www.curseforge.com/minecraft/mc-mods/ftb-ultimine-forge
true,8434133,sophisticatedcore-1.20.1-1.3.67.2148.jar,https://www.curseforge.com/minecraft/mc-mods/sophisticated-core/files/8434133,1.20.1,4668692,sophisticatedcore-1.18.2-0.5.82.393.jar,618298,,Sophisticated Core,https://www.curseforge.com/minecraft/mc-mods/sophisticated-core
false,,,,,3565298,time-in-a-bottle-2.1.0-mc1.18.1.jar,445025,,Time in a bottle standalone,https://www.curseforge.com/minecraft/mc-mods/time-in-a-bottle-standalone
true,4626171,refinedstorageaddons-0.10.0.jar,https://www.curseforge.com/minecraft/mc-mods/refined-storage-addons/files/4626171,1.20.1,3713972,refinedstorageaddons-0.8.2.jar,272302,,Refined Storage Addons,https://www.curseforge.com/minecraft/mc-mods/refined-storage-addons
true,6850495,buildinggadgets2-1.0.8.jar,https://www.curseforge.com/minecraft/mc-mods/building-gadgets/files/6850495,1.20.1,4412996,buildinggadgets-3.13.2-build.21+mc1.18.2.jar,298187,,Building Gadgets,https://www.curseforge.com/minecraft/mc-mods/building-gadgets
true,6106996,theoneprobe-1.20.1-10.0.3.jar,https://www.curseforge.com/minecraft/mc-mods/the-one-probe/files/6106996,1.20.1,3965688,theoneprobe-1.18-5.1.2.jar,245211,,The One Probe,https://www.curseforge.com/minecraft/mc-mods/the-one-probe
true,8256170,rftoolsbase-1.20-5.0.7.jar,https://www.curseforge.com/minecraft/mc-mods/rftools-base/files/8256170,1.20.1,4373521,rftoolsbase-1.18-3.0.12.jar,326041,,RFTools Base,https://www.curseforge.com/minecraft/mc-mods/rftools-base
true,4594228,tinygates-1.20-4.0.0.jar,https://www.curseforge.com/minecraft/mc-mods/tiny-gates/files/4594228,1.20.1,4360423,tinygates-2.1.1.jar,522875,,Tiny Gates,https://www.curseforge.com/minecraft/mc-mods/tiny-gates
true,4769646,PrettyPipes-1.15.0-all.jar,https://www.curseforge.com/minecraft/mc-mods/pretty-pipes/files/4769646,1.20.1,4049657,PrettyPipes-1.12.8.jar,376737,,Pretty Pipes,https://www.curseforge.com/minecraft/mc-mods/pretty-pipes
true,6602224,elevatorid-1.20.1-1.9.1-forge.jar,https://www.curseforge.com/minecraft/mc-mods/openblocks-elevator/files/6602224,1.20.1,3670034,elevatorid-1.18.2-1.8.4.jar,250832,,OpenBlocks Elevator,https://www.curseforge.com/minecraft/mc-mods/openblocks-elevator
true,5168999,ExtraStorage-1.20.1-4.0.7.jar,https://www.curseforge.com/minecraft/mc-mods/extrastorage/files/5168999,1.20.1,4312234,ExtraStorage-1.18.2-2.2.1.jar,410168,,ExtraStorage,https://www.curseforge.com/minecraft/mc-mods/extrastorage
true,8419086,jei-1.20.1-forge-15.20.0.134.jar,https://www.curseforge.com/minecraft/mc-mods/jei/files/8419086,1.20.1,4593548,jei-1.18.2-forge-10.2.1.1005.jar,238222,,Just Enough Items (JEI),https://www.curseforge.com/minecraft/mc-mods/jei
true,8404830,balm-forge-1.20.1-7.3.41-all.jar,https://www.curseforge.com/minecraft/mc-mods/balm/files/8404830,1.20.1,4442615,balm-3.2.6.jar,531761,,Balm,https://www.curseforge.com/minecraft/mc-mods/balm
true,8426836,titanium-1.20.1-3.8.35.jar,https://www.curseforge.com/minecraft/mc-mods/titanium/files/8426836,1.20.1,4484519,titanium-1.18.2-3.5.9-43.jar,287342,,Titanium,https://www.curseforge.com/minecraft/mc-mods/titanium
true,4711316,ToastControl-1.20.1-8.0.3.jar,https://www.curseforge.com/minecraft/mc-mods/toast-control/files/4711316,1.20.1,3929072,ToastControl-1.18.2-6.0.3.jar,271740,,Toast Control,https://www.curseforge.com/minecraft/mc-mods/toast-control
true,4580717,Barsita-1.20-1.1.2.jar,https://www.curseforge.com/minecraft/mc-mods/barista/files/4580717,1.20.1,3767343,Barsita-1.18.2-1.0.2.jar,552324,,Barista - Window Title Editor,https://www.curseforge.com/minecraft/mc-mods/barista
true,4756767,affinity-1.20.1-0.0.1.jar,https://www.curseforge.com/minecraft/mc-mods/affinity-enchantment-forge/files/4756767,1.20.1,4534564,affinity-1.18.2-0.0.3.jar,663096,,Affinity Enchantment [FORGE],https://www.curseforge.com/minecraft/mc-mods/affinity-enchantment-forge
true,7499810,ftb-teams-forge-2001.3.2.jar,https://www.curseforge.com/minecraft/mc-mods/ftb-teams-forge/files/7499810,1.20.1,4579981,ftb-teams-forge-1802.2.11-build.107.jar,404468,,FTB Teams (NeoForge),https://www.curseforge.com/minecraft/mc-mods/ftb-teams-forge
true,4600191,cosmeticarmorreworked-1.20.1-v1a.jar,https://www.curseforge.com/minecraft/mc-mods/cosmetic-armor-reworked/files/4600191,1.20.1,4016730,CosmeticArmorReworked-1.18.2-v2a.jar,237307,,Cosmetic Armor Reworked,https://www.curseforge.com/minecraft/mc-mods/cosmetic-armor-reworked
true,7251206,ae2wtlib-15.3.3-forge.jar,https://www.curseforge.com/minecraft/mc-mods/applied-energistics-2-wireless-terminals/files/7251206,1.20.1,4071160,AE2WTLib-11.6.3.jar,459929,,Applied Energistics 2 Wireless Terminals,https://www.curseforge.com/minecraft/mc-mods/applied-energistics-2-wireless-terminals
true,4845083,creativecrafter-1.20.1-1.1.jar,https://www.curseforge.com/minecraft/mc-mods/creative-crafter/files/4845083,1.20.1,4318766,creativecrafter-1.18.2-1.0.jar,461245,,Creative Crafter,https://www.curseforge.com/minecraft/mc-mods/creative-crafter
true,5704248,tinyredstone-1.20-5.0.3.jar,https://www.curseforge.com/minecraft/mc-mods/tiny-redstone/files/5704248,1.20.1,4410856,tinyredstone-1.18.2-3.2.7.jar,453746,,Tiny Redstone,https://www.curseforge.com/minecraft/mc-mods/tiny-redstone
true,7529230,ftbquestlocalizer-1.20.1-forge-3.2.3.jar,https://www.curseforge.com/minecraft/mc-mods/ftb-quest-localizer/files/7529230,1.20.1,7529217,ftbquestlocalizer-1.18.2-forge-3.2.3.jar,1071737,,FTB Quest Localizer,https://www.curseforge.com/minecraft/mc-mods/ftb-quest-localizer
true,6994481,StorageDrawers-forge-1.20.1-12.14.3.jar,https://www.curseforge.com/minecraft/mc-mods/storage-drawers/files/6994481,1.20.1,3807626,StorageDrawers-1.18.2-10.2.1.jar,223852,,Storage Drawers,https://www.curseforge.com/minecraft/mc-mods/storage-drawers
true,5292573,EnderStorage-1.20.1-2.11.0.188-universal.jar,https://www.curseforge.com/minecraft/mc-mods/ender-storage-1-8/files/5292573,1.20.1,3951068,EnderStorage-1.18.2-2.9.0.182-universal.jar,245174,,Ender Storage 1.8.+,https://www.curseforge.com/minecraft/mc-mods/ender-storage-1-8
true,6552915,MekanismTools-1.20.1-10.4.16.80.jar,https://www.curseforge.com/minecraft/mc-mods/mekanism-tools/files/6552915,1.20.1,3875979,MekanismTools-1.18.2-10.2.5.465.jar,268567,,Mekanism Tools,https://www.curseforge.com/minecraft/mc-mods/mekanism-tools
true,8256186,rftoolsbuilder-1.20-6.0.9.jar,https://www.curseforge.com/minecraft/mc-mods/rftools-builder/files/8256186,1.20.1,4515002,rftoolsbuilder-1.18-4.1.3.jar,347706,,RFTools Builder,https://www.curseforge.com/minecraft/mc-mods/rftools-builder
true,8228409,AdvancedPeripherals-1.20.1-0.7.48r.jar,https://www.curseforge.com/minecraft/mc-mods/advanced-peripherals/files/8228409,1.20.1,4562223,AdvancedPeripherals-1.18.2-0.7.30r.jar,431725,,Advanced Peripherals,https://www.curseforge.com/minecraft/mc-mods/advanced-peripherals
true,5729105,cloth-config-11.1.136-forge.jar,https://www.curseforge.com/minecraft/mc-mods/cloth-config/files/5729105,1.20.1,4633387,cloth-config-6.5.102-forge.jar,348521,,Cloth Config API (Fabric/Forge/NeoForge),https://www.curseforge.com/minecraft/mc-mods/cloth-config
true,7178761,create-1.20.1-6.0.8.jar,https://www.curseforge.com/minecraft/mc-mods/create/files/7178761,1.20.1,4625533,create-1.18.2-0.5.1.c.jar,328085,,Create,https://www.curseforge.com/minecraft/mc-mods/create
true,5233493,miniutilities-4.1.0.jar,https://www.curseforge.com/minecraft/mc-mods/miniutilities/files/5233493,1.20.2,4558635,miniutilities-2.0.1.jar,460341,,Mini Utilities,https://www.curseforge.com/minecraft/mc-mods/miniutilities
true,5503481,PackMenu-1.20.1-6.1.2.jar,https://www.curseforge.com/minecraft/mc-mods/packmenu/files/5503481,1.20.1,4050356,PackMenu-1.18.2-4.1.4.jar,358191,,PackMenu,https://www.curseforge.com/minecraft/mc-mods/packmenu
true,7612607,EnchantmentDescriptions-Forge-1.20.1-17.1.21.jar,https://www.curseforge.com/minecraft/mc-mods/enchantment-descriptions/files/7612607,1.20.1,4277221,EnchantmentDescriptions-Forge-1.18.2-10.0.12.jar,250419,,Enchantment Descriptions,https://www.curseforge.com/minecraft/mc-mods/enchantment-descriptions
true,4761099,ClickMachine-1.20.1-8.0.2.jar,https://www.curseforge.com/minecraft/mc-mods/click-machine/files/4761099,1.20.1,3739497,ClickMachine-1.18.2-6.0.5.jar,298275,,Click Machine,https://www.curseforge.com/minecraft/mc-mods/click-machine
false,,,,,3807867,SuperCircuitMaker2-0.2.9+1.18.2.jar,248619,,Super Circuit Maker,https://www.curseforge.com/minecraft/mc-mods/super-circuit-maker
false,,,,,4112663,engineersdecor-1.18.2-1.1.28.jar,313866,,Engineer's Decor,https://www.curseforge.com/minecraft/mc-mods/engineers-decor
true,6552914,MekanismGenerators-1.20.1-10.4.16.80.jar,https://www.curseforge.com/minecraft/mc-mods/mekanism-generators/files/6552914,1.20.1,3875978,MekanismGenerators-1.18.2-10.2.5.465.jar,268566,,Mekanism Generators,https://www.curseforge.com/minecraft/mc-mods/mekanism-generators
false,,,,,3642382,AutoRegLib-1.7-53.jar,250363,,AutoRegLib,https://www.curseforge.com/minecraft/mc-mods/autoreglib
true,5104156,cabletiers-1.20.1-1.2.2.jar,https://www.curseforge.com/minecraft/mc-mods/cable-tiers/files/5104156,1.20.1,3922627,cabletiers-1.18.2-0.547.jar,454382,,Cable Tiers,https://www.curseforge.com/minecraft/mc-mods/cable-tiers
false,,,,,3759881,shutupexperimentalsettings-1.0.5.jar,407174,,Shutup Experimental Settings!,https://www.curseforge.com/minecraft/mc-mods/shutup-experimental-settings
true,6450982,polymorph-forge-0.49.10+1.20.1.jar,https://www.curseforge.com/minecraft/mc-mods/polymorph/files/6450982,1.20.1,4632727,polymorph-forge-1.18.2-0.49.jar,388800,,Polymorph (Fabric/Forge/Quilt),https://www.curseforge.com/minecraft/mc-mods/polymorph
true,7099725,gravestone-forge-1.20.1-1.0.35.jar,https://www.curseforge.com/minecraft/mc-mods/gravestone-mod/files/7099725,1.20.1,3694403,gravestone-1.18.2-1.0.1.jar,238551,,GraveStone Mod,https://www.curseforge.com/minecraft/mc-mods/gravestone-mod
true,8434160,sophisticatedbackpacks-1.20.1-3.24.60.1982.jar,https://www.curseforge.com/minecraft/mc-mods/sophisticated-backpacks/files/8434160,1.20.1,4637292,sophisticatedbackpacks-1.18.2-3.18.57.888.jar,422301,,Sophisticated Backpacks,https://www.curseforge.com/minecraft/mc-mods/sophisticated-backpacks
true,6274231,Placebo-1.20.1-8.6.3.jar,https://www.curseforge.com/minecraft/mc-mods/placebo/files/6274231,1.20.1,4500363,Placebo-1.18.2-6.6.7.jar,283644,,Placebo,https://www.curseforge.com/minecraft/mc-mods/placebo
true,5338457,MouseTweaks-forge-mc1.20.1-2.25.1.jar,https://www.curseforge.com/minecraft/mc-mods/mouse-tweaks/files/5338457,1.20.1,3578801,MouseTweaks-forge-mc1.18-2.21.jar,60089,,Mouse Tweaks,https://www.curseforge.com/minecraft/mc-mods/mouse-tweaks
false,,,,,3779951,create-chromaticreturn1.18.2_v1.1.jar,618195,,Create: Supercharged,https://www.curseforge.com/minecraft/mc-mods/create-chromatic-return
true,5753868,CodeChickenLib-1.20.1-4.4.0.516-universal.jar,https://www.curseforge.com/minecraft/mc-mods/codechicken-lib-1-8/files/5753868,1.20.1,4607274,CodeChickenLib-1.18.2-4.1.4.488-universal.jar,242818,,CodeChicken Lib 1.8.+,https://www.curseforge.com/minecraft/mc-mods/codechicken-lib-1-8
true,7892948,NaturesCompass-1.20.1-1.12.0-forge.jar,https://www.curseforge.com/minecraft/mc-mods/natures-compass/files/7892948,1.20.1,3858196,NaturesCompass-1.18.2-1.9.7-forge.jar,252848,,Nature's Compass,https://www.curseforge.com/minecraft/mc-mods/natures-compass
true,8301383,rechiseled-1.2.5-forge-mc1.20.1.jar,https://www.curseforge.com/minecraft/mc-mods/rechiseled/files/8301383,1.20.1,4660082,rechiseled-1.1.2-forge-mc1.18.jar,558998,,Rechiseled,https://www.curseforge.com/minecraft/mc-mods/rechiseled
true,4964550,SimpleDiscordRichPresence-forge-4.0.3-build.40+mc1.20.1.jar,https://www.curseforge.com/minecraft/mc-mods/simple-discord-rich-presence/files/4964550,1.20.1,4377079,SimpleDiscordRichPresence-forge-3.0.4-build.28+mc1.18.2.jar,334853,,Simple Discord Rich Presence (Forge /  Fabric),https://www.curseforge.com/minecraft/mc-mods/simple-discord-rich-presence
true,8256197,xnet-1.20-6.1.7.jar,https://www.curseforge.com/minecraft/mc-mods/xnet/files/8256197,1.20.1,4415119,xnet-1.18-4.0.9.jar,260912,,XNet,https://www.curseforge.com/minecraft/mc-mods/xnet
true,8256183,rftoolsutility-1.20-6.0.7.jar,https://www.curseforge.com/minecraft/mc-mods/rftools-utility/files/8256183,1.20.1,4380977,rftoolsutility-1.18-4.0.23.jar,342466,,RFTools Utility,https://www.curseforge.com/minecraft/mc-mods/rftools-utility
true,6004490,questsadditions-1.4.7.jar,https://www.curseforge.com/minecraft/mc-mods/quests-additions/files/6004490,1.20.1,4525496,questsadditions-1.18.2-1.4.2.jar,580129,,Quests Additions (Forge),https://www.curseforge.com/minecraft/mc-mods/quests-additions
true,6427817,Quark-4.0-462.jar,https://www.curseforge.com/minecraft/mc-mods/quark/files/6427817,1.20.1,3840125,Quark-3.2-358.jar,243121,,Quark,https://www.curseforge.com/minecraft/mc-mods/quark
true,6206989,ImmersiveEngineering-1.20.1-10.2.0-183.jar,https://www.curseforge.com/minecraft/mc-mods/immersive-engineering/files/6206989,1.20.1,4412849,ImmersiveEngineering-1.18.2-8.4.0-161.jar,231951,,Immersive Engineering,https://www.curseforge.com/minecraft/mc-mods/immersive-engineering
true,5372749,thermal_expansion-1.20.1-11.0.1.29.jar,https://www.curseforge.com/minecraft/mc-mods/thermal-expansion/files/5372749,1.20.1,4382343,thermal_expansion-1.18.2-9.2.0.20.jar,69163,,Thermal Expansion,https://www.curseforge.com/minecraft/mc-mods/thermal-expansion
true,7148487,appliedenergistics2-forge-15.4.10.jar,https://www.curseforge.com/minecraft/mc-mods/applied-energistics-2/files/7148487,1.20.1,4548560,appliedenergistics2-forge-11.7.4.jar,223794,,Applied Energistics 2,https://www.curseforge.com/minecraft/mc-mods/applied-energistics-2
true,4882500,carryon-forge-1.20.1-2.1.2.7.jar,https://www.curseforge.com/minecraft/mc-mods/carry-on/files/4882500,1.20.1,4628664,carryon-1.18.2-1.17.1.12.jar,274259,,Carry On,https://www.curseforge.com/minecraft/mc-mods/carry-on
true,7386520,FramedBlocks-9.4.3.jar,https://www.curseforge.com/minecraft/mc-mods/framedblocks/files/7386520,1.20.1,4567924,FramedBlocks-5.11.5.jar,441647,,FramedBlocks,https://www.curseforge.com/minecraft/mc-mods/framedblocks
true,5661721,xnetgases-1.20.1-5.1.4.jar,https://www.curseforge.com/minecraft/mc-mods/xnet-gases/files/5661721,1.20.1,3916710,XNetGases-1.18.2-3.0.1.jar,383182,,XNet Gases,https://www.curseforge.com/minecraft/mc-mods/xnet-gases
true,5849456,torchmaster-20.1.9.jar,https://www.curseforge.com/minecraft/mc-mods/torchmaster/files/5849456,1.20.1,4661451,torchmaster-18.2.1.jar,254268,,Torchmaster,https://www.curseforge.com/minecraft/mc-mods/torchmaster
true,4770828,appleskin-forge-mc1.20.1-2.5.1.jar,https://www.curseforge.com/minecraft/mc-mods/appleskin/files/4770828,1.20.1,3927564,appleskin-forge-mc1.18.2-2.4.1.jar,248787,,AppleSkin,https://www.curseforge.com/minecraft/mc-mods/appleskin
true,7783320,supermartijn642corelib-1.1.21-forge-mc1.20.1.jar,https://www.curseforge.com/minecraft/mc-mods/supermartijn642s-core-lib/files/7783320,1.20.1,4660107,supermartijn642corelib-1.1.12-forge-mc1.18.jar,454372,,SuperMartijn642's Core Lib,https://www.curseforge.com/minecraft/mc-mods/supermartijn642s-core-lib
true,4715408,supermartijn642configlib-1.1.8-forge-mc1.20.jar,https://www.curseforge.com/minecraft/mc-mods/supermartijn642s-config-lib/files/4715408,1.20.1,4629792,supermartijn642configlib-1.1.7-forge-mc1.18.jar,438332,,SuperMartijn642's Config Lib,https://www.curseforge.com/minecraft/mc-mods/supermartijn642s-config-lib
true,6175008,megacells-forge-2.4.6-1.20.1.jar,https://www.curseforge.com/minecraft/mc-mods/mega-cells/files/6175008,1.20.1,4027408,MEGACells-1.4.2-1.18.2.jar,622112,,MEGA Cells,https://www.curseforge.com/minecraft/mc-mods/mega-cells
true,6945379,pipez-forge-1.20.1-1.2.26.jar,https://www.curseforge.com/minecraft/mc-mods/pipez/files/6945379,1.20.1,3819249,pipez-1.18.2-1.1.5.jar,443900,,Pipez,https://www.curseforge.com/minecraft/mc-mods/pipez
true,7731017,Patchouli-1.20.1-85-FORGE.jar,https://www.curseforge.com/minecraft/mc-mods/patchouli/files/7731017,1.20.1,3846086,Patchouli-1.18.2-71.1.jar,306770,,Patchouli,https://www.curseforge.com/minecraft/mc-mods/patchouli
true,7232817,createendertransmission-2.1.1-1.20.1.jar,https://www.curseforge.com/minecraft/mc-mods/create-ender-transmission/files/7232817,1.20.1,4681873,createendertransmission-2.0.4-1.18.2.jar,737302,,Create: Ender Transmission,https://www.curseforge.com/minecraft/mc-mods/create-ender-transmission
true,5372746,thermal_cultivation-1.20.1-11.0.1.24.jar,https://www.curseforge.com/minecraft/mc-mods/thermal-cultivation/files/5372746,1.20.1,4382340,thermal_cultivation-1.18.2-9.2.0.16.jar,271835,,Thermal Cultivation,https://www.curseforge.com/minecraft/mc-mods/thermal-cultivation
true,8163134,kleeslabs-forge-1.20.1-15.0.12.jar,https://www.curseforge.com/minecraft/mc-mods/kleeslabs/files/8163134,1.20.1,3830926,kleeslabs-forge-1.18.2-11.1.1.jar,241895,,KleeSlabs,https://www.curseforge.com/minecraft/mc-mods/kleeslabs
true,5496566,Crafting Station-forge-1.20.1-0.jar,https://www.curseforge.com/minecraft/mc-mods/crafting-station/files/5496566,1.20.1,4096798,craftingstation-1.18.2-5.0.1.jar,318551,,Crafting Station,https://www.curseforge.com/minecraft/mc-mods/crafting-station
true,8226927,ftb-library-forge-2001.2.13.jar,https://www.curseforge.com/minecraft/mc-mods/ftb-library-forge/files/8226927,1.20.1,4396792,ftb-library-forge-1802.3.11-build.177.jar,404465,,FTB Library (NeoForge),https://www.curseforge.com/minecraft/mc-mods/ftb-library-forge
true,4646682,Controlling-forge-1.20.1-12.0.2.jar,https://www.curseforge.com/minecraft/mc-mods/controlling/files/4646682,1.20.1,4555742,Controlling-forge-1.18.2-9.0+23.jar,250398,,Controlling,https://www.curseforge.com/minecraft/mc-mods/controlling
true,4574905,online_detector-1.20-6.0.0.jar,https://www.curseforge.com/minecraft/mc-mods/online-detector/files/4574905,1.20.1,3876824,online_detector-1.18.2-2.1.1.jar,454487,,Online Detector (Forge),https://www.curseforge.com/minecraft/mc-mods/online-detector
true,4684054,constructionwand-1.20.1-2.11.jar,https://www.curseforge.com/minecraft/mc-mods/construction-wand/files/4684054,1.20.1,4393837,constructionwand-1.18.2-2.9.jar,399558,,Construction Wand,https://www.curseforge.com/minecraft/mc-mods/construction-wand
true,4652448,modnametooltip-1.20.1-1.20.0.jar,https://www.curseforge.com/minecraft/mc-mods/mod-name-tooltip/files/4652448,1.19.3,3574005,modnametooltip-1.18.1-1.18.0.jar,238747,,Mod Name Tooltip,https://www.curseforge.com/minecraft/mc-mods/mod-name-tooltip
true,6880322,ExtendedCrafting-1.20.1-6.0.10.jar,https://www.curseforge.com/minecraft/mc-mods/extended-crafting/files/6880322,1.20.1,4430386,ExtendedCrafting-1.18.2-4.1.2.jar,268387,,Extended Crafting,https://www.curseforge.com/minecraft/mc-mods/extended-crafting
true,8043140,kubejs-thermal-2001.1.10-build.5.jar,https://www.curseforge.com/minecraft/mc-mods/kubejs-thermal/files/8043140,1.20.1,4216196,kubejs-thermal-1802.1.5-build.16.jar,421694,,KubeJS Thermal,https://www.curseforge.com/minecraft/mc-mods/kubejs-thermal
true,7613226,Runelic-Forge-1.20.1-18.0.4.jar,https://www.curseforge.com/minecraft/mc-mods/runelic/files/7613226,1.20.1,3683668,Runelic-Forge-1.18.2-11.0.1.jar,393149,,Runelic,https://www.curseforge.com/minecraft/mc-mods/runelic
true,5814102,RSInfinityBooster-1.20.1-1.0+41.jar,https://www.curseforge.com/minecraft/mc-mods/rsinfinitybooster/files/5814102,1.20.1,4007869,RSInfinityBooster-1.18.2-2.1+20.jar,446870,,RSInfinityBooster,https://www.curseforge.com/minecraft/mc-mods/rsinfinitybooster
true,7620767,chisels-and-bits-forge-20.1.20.jar,https://www.curseforge.com/minecraft/mc-mods/chisels-bits/files/7620767,1.20.1,4119191,ChiselsBits-forge-1.18.2-1.2.116-universal.jar,231095,,Chisels & Bits - For Forge,https://www.curseforge.com/minecraft/mc-mods/chisels-bits
true,8256165,mcjtylib-1.20-8.0.8.jar,https://www.curseforge.com/minecraft/mc-mods/mcjtylib/files/8256165,1.20.1,4277564,mcjtylib-1.18-6.0.20.jar,233105,,McJtyLib,https://www.curseforge.com/minecraft/mc-mods/mcjtylib
false,,,,,3787382,kubejs-mekanism-1802.1.3-build.8.jar,418651,,KubeJS Mekanism,https://www.curseforge.com/minecraft/mc-mods/kubejs-mekanism
true,5227399,probejs-6.0.1-forge.jar,https://www.curseforge.com/minecraft/mc-mods/probejs/files/5227399,1.20.1,4365860,probejs-4.0.0-fix4-forge.jar,585406,,ProbeJS,https://www.curseforge.com/minecraft/mc-mods/probejs
false,,,,,4145521,lazierae2-1.18.2-3.1.5.jar,489843,,Lazier AE2,https://www.curseforge.com/minecraft/mc-mods/lazierae2
true,5503516,comforts-forge-6.4.0+1.20.1.jar,https://www.curseforge.com/minecraft/mc-mods/comforts/files/5503516,1.20.1,4398246,comforts-forge-1.18.2-5.0.0.6.jar,276951,,Comforts,https://www.curseforge.com/minecraft/mc-mods/comforts
true,5374122,cofh_core-1.20.1-11.0.2.56.jar,https://www.curseforge.com/minecraft/mc-mods/cofh-core/files/5374122,1.20.1,4385215,cofh_core-1.18.2-9.2.1.39.jar,69162,,CoFH Core,https://www.curseforge.com/minecraft/mc-mods/cofh-core
true,5074767,laserio-1.6.8.jar,https://www.curseforge.com/minecraft/mc-mods/laserio/files/5074767,1.20.1,4066820,laserio-1.4.5.jar,626839,,LaserIO,https://www.curseforge.com/minecraft/mc-mods/laserio
true,7214476,forgivingvoid-forge-1.20.1-10.0.3.jar,https://www.curseforge.com/minecraft/mc-mods/forgiving-void/files/7214476,1.20.1,3606213,forgivingvoid-forge-1.18.1-6.0.1.jar,271009,,Forgiving Void,https://www.curseforge.com/minecraft/mc-mods/forgiving-void
true,7658618,itemcollectors-1.1.12-forge-mc1.20.2.jar,https://www.curseforge.com/minecraft/mc-mods/item-collectors/files/7658618,1.20.2,4625308,itemcollectors-1.1.8-forge-mc1.18.jar,395620,,Item Collectors,https://www.curseforge.com/minecraft/mc-mods/item-collectors
true,8019497,trashslot-forge-1.20.1-15.1.5.jar,https://www.curseforge.com/minecraft/mc-mods/trashslot/files/8019497,1.20.1,4412854,trashslot-forge-1.18.2-11.0.3.jar,235577,,TrashSlot,https://www.curseforge.com/minecraft/mc-mods/trashslot
true,7613222,PigPen-Forge-1.20.1-15.0.3.jar,https://www.curseforge.com/minecraft/mc-mods/pig-pen-cipher/files/7613222,1.20.1,3683674,PigPen-Forge-1.18.2-8.0.1.jar,396234,,Pig Pen Cipher,https://www.curseforge.com/minecraft/mc-mods/pig-pen-cipher
true,4901949,ProjectE-1.20.1-PE1.0.1.jar,https://www.curseforge.com/minecraft/mc-mods/projecte/files/4901949,1.20.1,3722831,ProjectE-1.18.2-PE1.0.1.jar,226410,,ProjectE,https://www.curseforge.com/minecraft/mc-mods/projecte
true,5375681,FastLeafDecay-32.jar,https://www.curseforge.com/minecraft/mc-mods/fast-leaf-decay/files/5375681,1.20.2,3693140,FastLeafDecay-28.jar,230976,,Fast Leaf Decay,https://www.curseforge.com/minecraft/mc-mods/fast-leaf-decay
true,8078538,ftb-quests-forge-2001.4.22.jar,https://www.curseforge.com/minecraft/mc-mods/ftb-quests-forge/files/8078538,1.20.1,4398375,ftb-quests-forge-1802.3.14-build.191.jar,289412,,FTB Quests (NeoForge),https://www.curseforge.com/minecraft/mc-mods/ftb-quests-forge
true,8256184,rftoolspower-1.20-6.0.3.jar,https://www.curseforge.com/minecraft/mc-mods/rftools-power/files/8256184,1.20.1,4087998,rftoolspower-1.18-4.0.9.jar,290209,,RFTools Power,https://www.curseforge.com/minecraft/mc-mods/rftools-power
true,4861934,rebornstorage-1.20.1-5.0.7.jar,https://www.curseforge.com/minecraft/mc-mods/rebornstorage/files/4861934,1.20.1,3832323,rebornstorage-1.18.2-4.0.12.jar,256662,,Reborn Storage,https://www.curseforge.com/minecraft/mc-mods/rebornstorage
true,4712179,trashcans-1.0.18b-forge-mc1.20.jar,https://www.curseforge.com/minecraft/mc-mods/trash-cans/files/4712179,1.20.2,4606892,trashcans-1.0.18-forge-mc1.18.jar,394535,,Trash Cans,https://www.curseforge.com/minecraft/mc-mods/trash-cans
true,6552913,MekanismAdditions-1.20.1-10.4.16.80.jar,https://www.curseforge.com/minecraft/mc-mods/mekanism-additions/files/6552913,1.20.1,3875980,MekanismAdditions-1.18.2-10.2.5.465.jar,345425,,Mekanism Additions,https://www.curseforge.com/minecraft/mc-mods/mekanism-additions
true,4616683,AE2-Things-1.2.1.jar,https://www.curseforge.com/minecraft/mc-mods/ae2-things-forge/files/4616683,1.20.1,4367618,AE2-Things-1.0.5.jar,609977,,AE2 Things [Forge],https://www.curseforge.com/minecraft/mc-mods/ae2-things-forge
true,6828054,Powah-5.0.11.jar,https://www.curseforge.com/minecraft/mc-mods/powah-rearchitected/files/6828054,1.20.1,4525198,Powah-3.0.8.jar,633483,,Powah! (Rearchitected),https://www.curseforge.com/minecraft/mc-mods/powah-rearchitected
true,5234697,FluxNetworks-1.20.1-7.2.1.15.jar,https://www.curseforge.com/minecraft/mc-mods/flux-networks/files/5234697,1.20.1,4095061,FluxNetworks-1.18.2-7.0.8.12.jar,248020,,Flux Networks,https://www.curseforge.com/minecraft/mc-mods/flux-networks
true,5813138,chipped-forge-1.20.1-3.0.7.jar,https://www.curseforge.com/minecraft/mc-mods/chipped/files/5813138,1.20.1,4293291,chipped-forge-1.18.2-2.0.1.jar,456956,,Chipped,https://www.curseforge.com/minecraft/mc-mods/chipped
true,5180900,configured-forge-1.20.1-2.2.3.jar,https://www.curseforge.com/minecraft/mc-mods/configured/files/5180900,1.20.1,4462832,configured-2.0.1-1.18.2.jar,457570,,Configured,https://www.curseforge.com/minecraft/mc-mods/configured
true,5443583,thermal_foundation-1.20.1-11.0.6.70.jar,https://www.curseforge.com/minecraft/mc-mods/thermal-foundation/files/5443583,1.20.1,4382339,thermal_foundation-1.18.2-9.2.0.46.jar,222880,,Thermal Foundation,https://www.curseforge.com/minecraft/mc-mods/thermal-foundation
true,6186971,rhino-forge-2001.2.3-build.10.jar,https://www.curseforge.com/minecraft/mc-mods/rhino/files/6186971,1.20.1,4069880,rhino-forge-1802.2.1-build.255.jar,416294,,Rhino,https://www.curseforge.com/minecraft/mc-mods/rhino
true,6418456,curios-forge-5.14.1+1.20.1.jar,https://www.curseforge.com/minecraft/mc-mods/curios/files/6418456,1.20.1,4590652,curios-forge-1.18.2-5.0.9.1.jar,309927,,Curios API (Forge/NeoForge),https://www.curseforge.com/minecraft/mc-mods/curios
true,7300650,dankstorage-forge-1.20.1-16.jar,https://www.curseforge.com/minecraft/mc-mods/dank-storage/files/7300650,1.20.1,4430268,dankstorage-1.18.2-4.1.4.jar,335673,,Dank Storage,https://www.curseforge.com/minecraft/mc-mods/dank-storage
true,8256195,rftoolscontrol-1.20-7.0.4.jar,https://www.curseforge.com/minecraft/mc-mods/rftools-control/files/8256195,1.20.1,4379832,rftoolscontrol-1.18-5.0.10.jar,250763,,RFTools Control,https://www.curseforge.com/minecraft/mc-mods/rftools-control
true,6552911,Mekanism-1.20.1-10.4.16.80.jar,https://www.curseforge.com/minecraft/mc-mods/mekanism/files/6552911,1.20.1,3875976,Mekanism-1.18.2-10.2.5.465.jar,268560,,Mekanism,https://www.curseforge.com/minecraft/mc-mods/mekanism
false,,,,,3816078,TKLib-0.0.23+1.18.2.jar,566563,,Technicalities: Lib (TKLib),https://www.curseforge.com/minecraft/mc-mods/technicalities-lib
true,6000230,compactmachines-forge-6.0.3.jar,https://www.curseforge.com/minecraft/mc-mods/compact-machines/files/6000230,1.20.1,3905502,compactmachines-4.5.0.jar,224218,,Compact Machines,https://www.curseforge.com/minecraft/mc-mods/compact-machines
true,5278538,Clumps-forge-1.20.1-12.0.0.4.jar,https://www.curseforge.com/minecraft/mc-mods/clumps/files/5278538,1.20.1,4153344,Clumps-forge-1.18.2-8.0.0+17.jar,256717,,Clumps,https://www.curseforge.com/minecraft/mc-mods/clumps
true,5605501,AkashicTome-1.7-27.jar,https://www.curseforge.com/minecraft/mc-mods/akashic-tome/files/5605501,1.20.1,3740180,AkashicTome-1.5-20.jar,250577,,Akashic Tome,https://www.curseforge.com/minecraft/mc-mods/akashic-tome
true,8209496,SkyblockBuilder-1.20.1-5.1.33.jar,https://www.curseforge.com/minecraft/mc-mods/skyblock-builder/files/8209496,1.20.1,3932317,SkyblockBuilder-1.18.2-3.3.25.jar,446691,,Skyblock Builder,https://www.curseforge.com/minecraft/mc-mods/skyblock-builder
true,6482257,AEInfinityBooster-1.20.1-1.0.0+51.jar,https://www.curseforge.com/minecraft/mc-mods/aeinfinitybooster/files/6482257,1.20.1,3787188,AEInfinityBooster-1.18.2-1.1.0+9.jar,559313,,AEInfinityBooster,https://www.curseforge.com/minecraft/mc-mods/aeinfinitybooster
true,5150173,squatgrow-forge-5.3.0+mc1.20.1.jar,https://www.curseforge.com/minecraft/mc-mods/squat-grow/files/5150173,1.20.1,4338783,squatgrow-forge-2.0.2-build.38+mc1.18.2.jar,515698,,Squat Grow (Shift / Twerk to grow plants),https://www.curseforge.com/minecraft/mc-mods/squat-grow
true,8020595,kubejs-forge-2001.6.5-build.26.jar,https://www.curseforge.com/minecraft/mc-mods/kubejs/files/8020595,1.20.1,4377177,kubejs-forge-1802.5.5-build.569.jar,238086,,KubeJS,https://www.curseforge.com/minecraft/mc-mods/kubejs
true,7682270,waystones-forge-1.20.1-14.1.20.jar,https://www.curseforge.com/minecraft/mc-mods/waystones/files/7682270,1.20.1,4513844,waystones-forge-1.18.2-10.2.1.jar,245755,,Waystones,https://www.curseforge.com/minecraft/mc-mods/waystones
true,4838266,item-filters-forge-2001.1.0-build.59.jar,https://www.curseforge.com/minecraft/mc-mods/item-filters/files/4838266,1.20.1,4553322,item-filters-forge-1802.2.8-build.50.jar,309674,,Item Filters,https://www.curseforge.com/minecraft/mc-mods/item-filters
true,5207625,LibX-1.20.1-5.0.14.jar,https://www.curseforge.com/minecraft/mc-mods/libx/files/5207625,1.20.1,3829113,LibX-1.18.2-3.2.18.jar,412525,,LibX,https://www.curseforge.com/minecraft/mc-mods/libx
true,7180783,Cucumber-1.20.1-7.0.16.jar,https://www.curseforge.com/minecraft/mc-mods/cucumber/files/7180783,1.20.1,4576453,Cucumber-1.18.2-5.1.4.jar,272335,,Cucumber Library,https://www.curseforge.com/minecraft/mc-mods/cucumber
true,8256187,rftoolsstorage-1.20-5.0.4.jar,https://www.curseforge.com/minecraft/mc-mods/rftools-storage/files/8256187,1.20.1,4069708,rftoolsstorage-1.18-3.0.12.jar,350006,,RFTools Storage,https://www.curseforge.com/minecraft/mc-mods/rftools-storage
true,7612437,DarkUtilities-Forge-1.20.1-17.0.6.jar,https://www.curseforge.com/minecraft/mc-mods/dark-utilities/files/7612437,1.20.1,4569313,DarkUtilities-Forge-1.18.2-10.1.7.jar,242195,,Dark Utilities,https://www.curseforge.com/minecraft/mc-mods/dark-utilities
true,5714507,cc-tweaked-1.20.1-forge-1.113.1.jar,https://www.curseforge.com/minecraft/mc-mods/cc-tweaked/files/5714507,1.20.1,4630521,cc-tweaked-1.18.2-1.101.3.jar,282001,,CC: Tweaked,https://www.curseforge.com/minecraft/mc-mods/cc-tweaked
true,5983309,CTM-1.20.1-1.1.10.jar,https://www.curseforge.com/minecraft/mc-mods/ctm/files/5983309,1.20.1,3933537,CTM-1.18.2-1.1.5+5.jar,267602,,ConnectedTexturesMod,https://www.curseforge.com/minecraft/mc-mods/ctm
true,7208610,createaddition-1.20.1-1.3.3.jar,https://www.curseforge.com/minecraft/mc-mods/createaddition/files/7208610,1.20.1,4683727,createaddition-1.18.2-1.0.0.jar,439890,,Create Crafts & Additions,https://www.curseforge.com/minecraft/mc-mods/createaddition
true,5350440,polylib-forge-2000.0.3-build.143.jar,https://www.curseforge.com/minecraft/mc-mods/polylib/files/5350440,1.20.1,3751528,polylib-forge-1801.0.2-build.13.jar,576589,,PolyLib,https://www.curseforge.com/minecraft/mc-mods/polylib
