dependencies,display_names,file,loader_range,mc_ranges,mod_ids,sha1,versions
,AE2 Things,AE2-Things-1.0.5.jar,"[40,)",,ae2things,db74f7e123a656bf1c9cbda71a865136cee109ad,1.0.5
"forge@*;minecraft@*;ae2@[11.6.3,12.0.0);cloth_config@*;architectury@*",AE2WTLib,AE2WTLib-11.6.3.jar,"[38,)",*,ae2wtlib;forge;minecraft;ae2;cloth_config;architectury,3c2351f1cfa7f09e7491070485041ee0dc414d75,11.6.3
"forge@[40,);minecraft@[1.18.2,);ae2@[11.0.0-alpha.4,)",AEInfinityBooster,AEInfinityBooster-1.18.2-1.1.0+9.jar,"[40,)","[1.18.2,)",aeinfinitybooster;forge;minecraft;ae2,1f915abe753d53cb425439d271c8ac212ce410e3,${file.jarVersion}
"forge@[40.1.52,);minecraft@[1.18.2,);computercraft@[1.100.4,);curios@[1.18-5.0.2.3,);ae2@[11.0.0-alpha.6,);refinedstorage@[1.10.2,);minecolonies@[1.18.2-1.0.877-BETA,);curios@[1.18.2-1.0.578-ALPHA,);patchouli@[1.18.2-67,);create@[0.5.1,)",Advanced Peripherals,AdvancedPeripherals-1.18.2-0.7.30r.jar,"[40,)","[1.18.2,)",advancedperipherals;forge;minecraft;computercraft;curios;ae2;refinedstorage;minecolonies;curios;patchouli;create,a0ae72e86668a8ac0184b2f2ca670c7a6c722881,${file.jarVersion}
,Akashic Tome,AkashicTome-1.5-20.jar,"[40,)",,akashictome,4aa94016e7b13dcd6fe9dc5bb6e23fa0946f36b2,${file.jarVersion}
"forge@[40.0.0,41.0.0);ae2@[11.0.0,12.0.0);mekanism@[10.2.1,11.0.0)",Applied Mekanistics,Applied-Mekanistics-1.2.2.jar,"[39,)",,appmek;forge;ae2;mekanism,473e32ee3937706b8afbb9260b7a5fb55cc6f083,1.2.2
,AutoRegLib,AutoRegLib-1.7-53.jar,"[38,)",,autoreglib,3e8f5e0bbf90af2555394b2f9ff704142f979465,${file.jarVersion}
"forge@[40,);minecraft@[1.18.2,1.19)",Barista,Barsita-1.18.2-1.0.2.jar,"[40,)","[1.18.2,1.19)",barista;forge;minecraft,271e37cd138e60b88e5a0d591640dee3345b3775,${file.jarVersion}
,Bookshelf,Bookshelf-Forge-1.18.2-13.3.56.jar,"[40,)",,bookshelf,0cf509eb57d754d83a844ffeb09c555f4da4c953,13.3.56
,ConnectedTexturesMod,CTM-1.18.2-1.1.5+5.jar,"[38,)",,,49d256455549130892de1ff9794f6ac07720b13b,1.18.2-1.1.5+5
,Chisels & bits,ChiselsBits-forge-1.18.2-1.2.116-universal.jar,"[28,)",,chiselsandbits,5361d4010f90a32d9a0341d34537b06e02b42b99,${file.jarVersion}
,Click Machine,ClickMachine-1.18.2-6.0.5.jar,"[32,)",,clickmachine,fe7823f831857ac3132ff7f5d54346a691794ad8,6.0.5
,Clumps,Clumps-forge-1.18.2-8.0.0+17.jar,"[40,)",,clumps,b984587d09e2035bad374833e5ac1e67638f87d0,${file.jarVersion}
,CodeChickenLib,CodeChickenLib-1.18.2-4.1.4.488-universal.jar,"[40,)",,,f6570e730433e0db266ef148dca5f2c2c2dec376,4.1.4.488
,Controlling,Controlling-forge-1.18.2-9.0+23.jar,"[40,)",,controlling,9f723b4a612ae712cafd9b50e24f38328b12e650,${file.jarVersion}
"forge@[39.0.0,)",CosmeticArmorReworked,CosmeticArmorReworked-1.18.2-v2a.jar,"[25,)",,cosmeticarmorreworked;forge,5c4cd13a521ed49128a73ff3fd00209d8c2ee966,${file.jarVersion}
,Crafting On A Stick,Crafting-on-a-stick-1.18.1-1.0.1.jar,"[39,)",,crafting_on_a_stick,481de43e398415f9fea86506bf18478c5c874ce2,1.0.1
,Cucumber,Cucumber-1.18.2-5.1.4.jar,"[40,)",,,bb2e4a1570956e4138afa83bfae1f303821d5710,5.1.4
"forge@[40,);minecraft@[1.18.2,1.19);bookshelf@[13.0.6,14)",DarkUtilities,DarkUtilities-Forge-1.18.2-10.1.7.jar,"[40,)","[1.18.2,1.19)",darkutils;forge;minecraft;bookshelf,ddf00907590bd7d798aa13cc39dee6a7cec4ab74,10.1.7
"forge@[39,);minecraft@[1.18,1.19);bookshelf@[13.0.6,)",EnchantmentDescriptions,EnchantmentDescriptions-Forge-1.18.2-10.0.12.jar,"[39,)","[1.18,1.19)",enchdesc;forge;minecraft;bookshelf,41c0ac2151e70feb6b8a20fe2f3c8087de05d084,10.0.12
,EnderStorage,EnderStorage-1.18.2-2.9.0.182-universal.jar,"[40,)",,,be5e81559868d59c06587e28455a973ce5c099bd,1.18.2-2.9.0.182
,ExtendedCrafting,ExtendedCrafting-1.18.2-4.1.2.jar,"[40,)",,,8514c1184c4a17ecefc7734c18c4544fcaa52cba,4.1.2
,Extra Storage,ExtraStorage-1.18.2-2.2.1.jar,"[40,)",,extrastorage,f0ef3541547cf7a747c48fbd48af28b69fda1647,${file.jarVersion}
,FastLeafDecay,FastLeafDecay-28.jar,"[40,)",,fastleafdecay,1005968a5f60863168156efbf0ed7e05137d6ab2,${file.jarVersion}
,Flux-Networks,FluxNetworks-1.18.2-7.0.8.12.jar,"[38,)",,,dd62cf9596f34717fdeedaeb093eb3871e746ca2,1.18.2-7.0.8.12
,FramedBlocks,FramedBlocks-5.11.5.jar,"[40,)",,framedblocks,ae122d0552ebd65116f1c22fad6ffa96f269b6ff,${file.jarVersion}
,Immersive Engineering,ImmersiveEngineering-1.18.2-8.4.0-161.jar,"[25,)",,immersiveengineering,9ca0db60f9a988a362d8fb96088dcd464109a98d,1.18.2-8.4.0-161
,IronJetpacks,IronJetpacks-1.18.2-5.1.4.jar,"[40,)",,,ae6639ee910c0721937224600d43c028c0268506,5.1.4
,LibX,LibX-1.18.2-3.2.18.jar,"[40,)",,libx,67f9d92f7feb49fc04c90f03a73ead7e1e36bee4,${file.jarVersion}
,MEGA Cells,MEGACells-1.4.2-1.18.2.jar,"[40,)",,megacells,646a111f55900ab92e7930029a97996bfc6dc36c,1.4.2-1.18.2
,Mekanism,Mekanism-1.18.2-10.2.5.465.jar,"[40,)",,,86248728732c1877cdc281695f67cbd7d6727e28,10.2.5
,MekanismAdditions,MekanismAdditions-1.18.2-10.2.5.465.jar,"[40,)",,,237fca94b498af55ac31ef1811757471a5c6bd2b,10.2.5
,MekanismGenerators,MekanismGenerators-1.18.2-10.2.5.465.jar,"[40,)",,,c14bd25d7fa91cd321a0ff307f6212fa2ccfe535,10.2.5
,MekanismTools,MekanismTools-1.18.2-10.2.5.465.jar,"[40,)",,,0cad2bb8b70a56a331844b11a9bb1c8e2cf493a6,10.2.5
,Morph-o-Tool,Morph-o-Tool-1.5-32.jar,"[40,)",,morphtool,84841674bc09ef67e7565e6e44120b62309df68a,${file.jarVersion}
,Mouse Tweaks,MouseTweaks-forge-mc1.18-2.21.jar,"[38,)",,mousetweaks,dc64a2a0df9b205114768a89482fe57ffac54143,${file.jarVersion}
,forge-1.18.2,NaturesCompass-1.18.2-1.9.7-forge.jar,"[40,)",,,5082c495344807ba2764e2a3bbfa6d03f19aad16,1.18.2-1.9.7-forge
,PackMenu,PackMenu-1.18.2-4.1.4.jar,"[32,)",,packmenu,4a1748b1d65b4b1ba6c443418cbefe9f2e92af04,4.1.4
"forge@[40.1.51,)",Patchouli,Patchouli-1.18.2-71.1.jar,"[40,)",,patchouli;forge,89e1aa7994794a3476ef6de31461eb1ce78da02d,${file.jarVersion}
,PigPen,PigPen-Forge-1.18.2-8.0.1.jar,"[40,)",,pigpen,83cea3592a64b5b042627dc20738f154be3369fe,8.0.1
,Placebo,Placebo-1.18.2-6.6.7.jar,"[32,)",,placebo,ae6e65b789291c7dbd8872523e82887722efb00c,6.6.7
,Powah,Powah-3.0.8.jar,"[36,)",,powah,9131b9157a5dcd4b0f8267e4135066dde880d9b4,3.0.8
,Pretty Pipes,PrettyPipes-1.12.8.jar,"[28,)",,prettypipes,943cff3a08a7750207a92d4459cc64079eb69354,${file.jarVersion}
,ProjectE,ProjectE-1.18.2-PE1.0.1.jar,"[40,)",,,8d462fe04aaaa01a8bb78e8a9ca789f528c92f4c,1.0.1
catalogue@*,Project Expansion,ProjectExpansion-1.18.2-1.0.20.jar,"[40,)",,projectexpansion;catalogue,7dd51f184dd4b8f3d3fd3fe883d623805e885474,${file.jarVersion}
,Quark,Quark-3.2-358.jar,"[40,)",,quark,18919f757e7fd1b4d4b4e0e0de1ea978ead34179,${file.jarVersion}
"forge@[40,);minecraft@[1.18.2,);refinedstorage@[1.10.2,)",RSInfinityBooster,RSInfinityBooster-1.18.2-2.1+20.jar,"[40,)","[1.18.2,)",rsinfinitybooster;forge;minecraft;refinedstorage,2054b5e99571fec3d75c9d5ba7830a5098e78fe1,${file.jarVersion}
,Runelic,Runelic-Forge-1.18.2-11.0.1.jar,"[40,)",,runelic,7b0e74b79b307be15a05f50a173e3396363b687a,11.0.1
"forge@[40,);minecraft@[1.18.2,);architectury@[4.6.77,);cloth_config@[6.2.62,7.0)",Simple Discord Rich Presence,SimpleDiscordRichPresence-forge-3.0.4-build.28+mc1.18.2.jar,"[40,)","[1.18.2,)",sdrp;forge;minecraft;architectury;cloth_config,ffa000d6fc116c7e2baee1aefc5f5a6abfe79d22,3.0.4-build.28+mc1.18.2
,Skyblock Builder,SkyblockBuilder-1.18.2-3.3.25.jar,"[40,)",,skyblockbuilder,0c41bcf57e25893aa08a284e60861abbae0e8dc6,${file.jarVersion}
,StorageDrawers-1.18,StorageDrawers-1.18.2-10.2.1.jar,"[38,)",,,2330bba44124f5481d34b02fb528815b97d3e357,1.18.2-10.2.1
"forge@[37,);minecraft@[1.18.1,1.19);tklib@[0.0.10,1.0.0)",Super Circuit Maker,SuperCircuitMaker2-0.2.9+1.18.2.jar,"[37,)","[1.18.1,1.19)",supercircuitmaker;forge;minecraft;tklib,6a5265e024852b2f66db7962633c8e879e8f7634,${file.jarVersion}
,TKLib,TKLib-0.0.23+1.18.2.jar,"[37,)",,tklib,78e9181177e130f84035ace39e607907613d43ee,${file.jarVersion}
,Toast Control,ToastControl-1.18.2-6.0.3.jar,"[32,)",,toastcontrol,8ed3eb63f8c34b5f7c10b216cf8b55d4c32a09ed,6.0.3
,XNet Gases,XNetGases-1.18.2-3.0.1.jar,"[36,)",,xnetgases,f62201d1e136cf4cb95d0b93cfe62332c2749695,${file.jarVersion}
,Affinity Enchantment,affinity-1.18.2-0.0.3.jar,"[40,)",,affinity,9a0cb7ff101e1c3302174ecb182e921f6fe31d49,1.19.2-0.0.3
,AppleSkin,appleskin-forge-mc1.18.2-2.4.1.jar,"[40,)",,appleskin,6fa3d2485e3a7b416470ad5a3c708f1ce366195c,${file.jarVersion}
,Applied Energistics 2,appliedenergistics2-forge-11.7.4.jar,"[32,)",,ae2,5b491af58c1682d4196be3de9abac20187c97ecb,11.7.4
"minecraft@[1.18.2,);forge@[40.1.14,)",Architectury,architectury-4.11.93-forge.jar,"[40,)","[1.18.2,)",architectury;minecraft;forge,745f674393a9d5827ee92fcd5c6c350c9aeeed97,4.11.93
,Balm,balm-3.2.6.jar,"[40,)",,balm,a0be48540d7d9661db8db54cbc96a94b59793fcb,${file.jarVersion}
"forge@[40,)",Building Gadgets,buildinggadgets-3.13.2-build.21+mc1.18.2.jar,"[40,)",,buildinggadgets;forge,e8f9e67ea6fd758131aa7e89b30d1b4dd2d3a67c,${file.jarVersion}
,Cable Tiers,cabletiers-1.18.2-0.547.jar,"[39,)",,cabletiers,033f19c3573b855dfaca8ae427ad025c3b94bbb3,${file.jarVersion}
,Tschipp_CarryOn_1.18,carryon-1.18.2-1.17.1.12.jar,"[40,)",,,3873b6f842c36af75bc29d448f65df9a03c1a9da,1.17.1.12
,CC: Tweaked,cc-tweaked-1.18.2-1.101.3.jar,"[40,41)",,computercraft,adff61eb404115b074e4f32c91ca20af9c2eff1d,1.101.3
"forge@[40,);minecraft@[1.18,);ctm@[0,)",Chipped,chipped-forge-1.18.2-2.0.1.jar,"[40,)","[1.18,)",chipped;forge;minecraft;ctm,9ee8bc9cf7a95a48447b4f116ed71232610b2d0b,2.0.1
,Cloth Config v4 API,cloth-config-6.5.102-forge.jar,"[34,)",,cloth_config,9e4f45433e80eeeb634cac50549619f183f6b3a8,6.5.102
"minecraft@[1.18.2,);forge@[40.1.76,)",CoFH Core,cofh_core-1.18.2-9.2.1.39.jar,"[40,)","[1.18.2,)",cofh_core;minecraft;forge,4a6303c1c0b2162210f7117f562815c6f33ef780,9.2.1
,Comforts,comforts-forge-1.18.2-5.0.0.6.jar,"[38,)",,comforts,738aa237f6b8e82a5b4ad8af9d9e371fbd25eb08,1.18.2-5.0.0.6
,Compact Machines,compactmachines-4.5.0.jar,"[40,)",,,ade4d96f9a6e6718dfee9d3e427a0dfbc68b0229,4.5.0
,Configured,configured-2.0.1-1.18.2.jar,"[40,)",,configured,825e0e439de2bfabf5d088953eb49c1c04e3e531,2.0.1
,Construction Wand,constructionwand-1.18.2-2.9.jar,"[40,)",,constructionwand,a65a82775dd9fbddfb6239d0a5c0b7a0eb7a0c11,${file.jarVersion}
"forge@[40,);minecraft@[1.18,1.19);balm@[3.2.0,)",CookingForBlockheads,cookingforblockheads-forge-1.18.2-12.2.0.jar,"[40,)","[1.18,1.19)",cookingforblockheads;forge;minecraft;balm,a05f0b1d035b3715a7d75a62a907234ef6d3464e,${file.jarVersion}
,Crafting Station,craftingstation-1.18.2-5.0.1.jar,"[25,)",,craftingstation,bfbb3162662bb5efeb4c0a480f0dae6f33b2f0ed,${file.jarVersion}
,Create,create-1.18.2-0.5.1.c.jar,"[40,)",,create,97faf28babb2f1ac0f4115a541cb68cc8e7fbf86,${file.jarVersion}
,Create: Chromatic Return,create-chromaticreturn1.18.2_v1.1.jar,"[40,)",,createchromaticreturn,d95468d97792fe5834e4509815ad466813de54e2,1.0.0
,Create Crafts & Additions,createaddition-1.18.2-1.0.0.jar,"[40,)",,createaddition,8f085f69db71149b980df8fcbfc97d81b28cd52d,${file.jarVersion}
,Create Ender Transmission,createendertransmission-2.0.4-1.18.2.jar,"[40,)",,createendertransmission,b4f1d62f4632e0ab84c0f81851f8902343095808,
,Creative Crafter,creativecrafter-1.18.2-1.0.jar,"[40,)",,creativecrafter,7594e3c10a6a99f964a85c9eba279a6db1319f8c,${file.jarVersion}
,Curios API,curios-forge-1.18.2-5.0.9.1.jar,"[40,)",,curios,e4e5d1323e474e2fff0c9419d9d5e1aa71f877ca,${file.jarVersion}
,Dank Storage,dankstorage-1.18.2-4.1.4.jar,"[25,)",,dankstorage,72d66ba09871fa9cd9a11e1031bbd243320a282b,${file.jarVersion}
,Elevator Mod,elevatorid-1.18.2-1.8.4.jar,"[40,)",,elevatorid,c32376d6741c1f8ec4ed637bb55e070c3ad3200e,${file.jarVersion}
,Engineer,engineersdecor-1.18.2-1.1.28.jar,"[39,)",,engineersdecor,d599ea997588232db4e0e18406916a310bcffc90,${file.jarVersion}
,Extreme Sound Muffler,extremesoundmuffler-3.30_forge-1.18.2.jar,"[34,)",,extremesoundmuffler,89d208986e891550e2bade5eab3b8bd628e100f0,${file.jarVersion}
,Forgiving Void,forgivingvoid-forge-1.18.1-6.0.1.jar,"[38,)",,forgivingvoid,463e185639880428d6b2bdf0ee0815cf3b11e42d,${file.jarVersion}
,Framed Compacting Drawers,framedcompactdrawers-1.18-4.1.0.jar,"[40,)",,framedcompactdrawers,ad4535f25bf512ef42e2b0f306b5d9e3f08c69ca,${file.jarVersion}
"forge@[40.1.67,);minecraft@[1.18.2,);architectury@[4.11.89,);ftblibrary@[1802.3.8-build.161,);ftbteams@[1802.2.10-build.90,);ftbranks@[1802.1.9-build.49,);kubejs@[1802.5.5-build.550,)",FTB Chunks,ftb-chunks-forge-1802.3.17-build.265.jar,"[40,)","[1.18.2,)",ftbchunks;forge;minecraft;architectury;ftblibrary;ftbteams;ftbranks;kubejs,3b55d6a394a1b60358adc3a80763a544d15f0ba5,1802.3.17-build.265
"forge@[39,);minecraft@[1.18.2,);architectury@[3.1.45,)",FTB Library,ftb-library-forge-1802.3.11-build.177.jar,"[39,)","[1.18.2,)",ftblibrary;forge;minecraft;architectury,5fe454cf0ed17b05f0f18c4984d31f20cbb4b23b,1802.3.11-build.177
"forge@[39,);minecraft@[1.18.2,);architectury@[3.2.52,);ftblibrary@[1802.3.9-build.165,);ftbteams@[1801.2.4-build.43,);itemfilters@[1802.2.8-build.47,);kubejs@[1802.5.5,);jei@[9.7.0,)",FTB Quests,ftb-quests-forge-1802.3.14-build.191.jar,"[39,)","[1.18.2,)",ftbquests;forge;minecraft;architectury;ftblibrary;ftbteams;itemfilters;kubejs;jei,885a28c4a960e6a6a9622f7b14f95b1c8311efb1,1802.3.14-build.191
"forge@[40.1.0,);minecraft@[1.18.2,);architectury@[3.2.52,);ftblibrary@[1801.3.5-build.98,)",FTB Teams,ftb-teams-forge-1802.2.11-build.107.jar,"[39,)","[1.18.2,)",ftbteams;forge;minecraft;architectury;ftblibrary,d5878dcd3609542c729b2c2293e7f65f7a58c5f6,1802.2.11-build.107
"forge@[39,);minecraft@[1.18.2,);architectury@[3.2.52,);ftblibrary@[1801.3.5-build.99,)",FTB Ultimine,ftb-ultimine-forge-1802.3.3-build.70.jar,"[39,)","[1.18.2,)",ftbultimine;forge;minecraft;architectury;ftblibrary,bb78506165481bf964c5bdb0590cd14e5e4a1cc3,1802.3.3-build.70
"forge@[38,);minecraft@[1.18,);architectury@[3.3.7,)",FTB Backups 2,ftbbackups2-forge-1.18.2-1.0.19.jar,"[38,)","[1.18,)",ftbbackups2;forge;minecraft;architectury,7e1557903f8dc0edb044fe95a6940a64ccb97d31,1.0.19
,FTB Quests Localizer,ftbquestlocalizer-1.18.2-forge-3.2.3.jar,"[40,)",,ftbquestlocalizer,271afd9e09f1b4f6ce6c9b6bc24974e48255b3c2,3.2.3
,Fusion,fusion-1.0.5-forge-mc1.18.jar,"[40,)",,fusion,04d22eb06337d45a8ced07f2eb0c171924d55794,1.0.5
,Gravestone Mod,gravestone-1.18.2-1.0.1.jar,"[40,)",,gravestone,147bd13c2d49c5c50464767dcb16833262eae4ee,1.18.2-1.0.1
"titanium@[3.5.8,);forge@[37.0.1,);jei@[9.7.0,)",Industrial Foregoing,industrial-foregoing-1.18.2-3.3.1.6-10.jar,"[37,)",,industrialforegoing;titanium;forge;jei,f4909c17d370922d4a4af5a286b82c69d501ff4d,${file.jarVersion}
,ironchest,ironchest-1.18.2-13.2.11.jar,"[40.0,)",,,cff2b97673a833704d8f28ea46dbc8d6eaac92a3,1.18.2-13.2.11
"forge@[39,);minecraft@[1.18.1,);architectury@[3.2.52,)",Item Filters,item-filters-forge-1802.2.8-build.50.jar,"[39,)","[1.18.1,)",itemfilters;forge;minecraft;architectury,508eb1f51f4941b2743d930836d35794783bf0b0,1802.2.8-build.50
,Item Collectors,itemcollectors-1.1.8-forge-mc1.18.jar,"[38,)",,itemcollectors,8ee8b64f70c8c74143e71f68bc349b13c7a6605c,1.1.8
,Just Enough Items,jei-1.18.2-forge-10.2.1.1005.jar,"[40,)",,jei,95ac179f935376235eb35fa6a854b5051590dcfe,10.2.1.1005
,KleeSlabs,kleeslabs-forge-1.18.2-11.1.1.jar,"[38,)",,kleeslabs,4b661bab00d3e3ad06dd334c281ad9ef70e4d92e,${file.jarVersion}
"kubejs@[1802.5.1-build.331,);create@*",KubeJS Create,kubejs-create-forge-1802.2.4-build.5.jar,"[40,)",,kubejs_create;kubejs;create,d935501423196afaf79c2b493f25eb98b7df1108,1802.2.4-build.5
"forge@[40.1.0,);rhino@[1802.2.1-build.239,);architectury@[4.7.78,);jei@[1.0.0,);roughlyenoughitems@[8.3.557,)",KubeJS,kubejs-forge-1802.5.5-build.569.jar,"[40,)",,kubejs;forge;rhino;architectury;jei;roughlyenoughitems,ee9bf64beb6ccde483b76147399dd4aae64b631a,1802.5.5-build.569
"kubejs@[1802.5.1-build.331,);immersiveengineering@*",KubeJS Immersive Engineering,kubejs-immersive-engineering-1802.2.1-build.35.jar,"[40,)",,kubejs_immersive_engineering;kubejs;immersiveengineering,a8050aa3d6af28ae1035286730c2bfad1440fe35,1802.2.1-build.35
"kubejs@[1802.5.2-build.407,);mekanism@[10.2.0,)",KubeJS Mekanism,kubejs-mekanism-1802.1.3-build.8.jar,"[40,)",,kubejs_mekanism;kubejs;mekanism,7d42f41b7c3255d1ce9e5dc3aa205cac3d344029,1802.1.3-build.8
"kubejs@[1802.5.2-build.415,);thermal_expansion@[1.3.0,)",KubeJS Thermal,kubejs-thermal-1802.1.5-build.16.jar,"[32,)",,kubejs_thermal;kubejs;thermal_expansion,879a5cb16b6a3a19bee555c849abc33ba8bd18c8,1802.1.5-build.16
,LaserIO,laserio-1.4.5.jar,"[40,)",,laserio,5dccf69e2b3bf3a19b0e19212d97af17508e1329,${file.jarVersion}
"forge@[40.0,41.0);minecraft@[1.18,1.19);ae2@[11.6.2,12.0);jei@[9.7.2.259,11.0);crafttweaker@[9.1,10.0);kubejs@[1802.5,1810.0)",Lazier AE2,lazierae2-1.18.2-3.1.5.jar,"[40.0,41.0)","[1.18,1.19)",lazierae2;forge;minecraft;ae2;jei;crafttweaker;kubejs,7220aff55a58fc35dd5b611a252ffc8bef52aecf,3.1.5
"forge@[40,);minecraft@[1.18.2,1.19)",Lemon Lib,lemonlib-2.1.1.jar,"[36,)","[1.18.2,1.19)",lemonlib;forge;minecraft,f15ae7dd54b3e870810d3193d63f13ce96f8577c,2.1.1
,McJtyLib,mcjtylib-1.18-6.0.20.jar,"[39,)",,mcjtylib,c776425129166796116e3ce8b39102b839db7a3c,${file.jarVersion}
,Mini Utilities,miniutilities-2.0.1.jar,"[40,)",,miniutilities,adce24b9813141fbc27343a970593376baf71e7a,2.0.1
,Mod Name Tooltip,modnametooltip-1.18.1-1.18.0.jar,"[39,)",,modnametooltip,8886987e43b4549edced071b0b10a8645a42b5a0,1.18.0
,Modular Routers,modular-routers-1.18.2-9.1.1-93.jar,"[40,)",,modularrouters,0cdd1b2c14cda67e634c652b331bea15eea3cd2d,${file.jarVersion}
,MoreOverlays,moreoverlays-1.20.11-mc1.18.2.jar,"[39,)",,,e62ce2394e4191416eca0086f4290aa8ee9e2812,1.20.11-mc1.18.2
,OnlineDetectorForge 1.18.2,online_detector-1.18.2-2.1.1.jar,"[40,)",,,9c7591afe14980800019e89997b8a5ad7a44304f,1.18.2-2.1.1
,Pipez,pipez-1.18.2-1.1.5.jar,"[40,)",,pipez,682ec5966f21786ebbda23138fb72aa5d86a503f,1.18.2-1.1.5
"forge@[38,);minecraft@[1.18,);architectury@[3.6.15,)",PolyLib,polylib-forge-1801.0.2-build.13.jar,"[38,)","[1.18,)",polylib;forge;minecraft;architectury,26e46187bbc454950d632fc8a862db6c16046924,1801.0.2-build.13
,Polymorph,polymorph-forge-1.18.2-0.49.jar,"[40,)",,polymorph,6712291d0bc6e5c123e3fc8742d0ea12430c22d3,1.18.2-0.49
"forge@[40,);minecraft@[1.18.2,);architectury@[4.1.39,);kubejs@[1802.5.5-build.545,)",ProbeJS,probejs-4.0.0-fix4-forge.jar,"[40,)","[1.18.2,)",probejs;forge;minecraft;architectury;kubejs,73d6a511b9cc041b16b87f14651c83ebac54e839,4.0.0-fix4
,Quests Additions,questsadditions-1.18.2-1.4.2.jar,"[40,)",,questsadditions,8de3e83d0b3606e95cdbc8d47a4a4713d146fd98,${file.jarVersion}
"minecraft@[1.18.2];refinedstorage@[1.10.2,)",RebornStorage,rebornstorage-1.18.2-4.0.12.jar,"[40,]",[1.18.2],rebornstorage;minecraft;refinedstorage,373aabe38b52cdc549b6277d3e5ecb67d936175e,${file.jarVersion}
,Rechiseled,rechiseled-1.1.2-forge-mc1.18.jar,"[38,)",,rechiseled,c7aabfd91e3f3ac316b37b5356fb0953437efc22,1.1.2
"forge@[40.1,);jei@[9.7.1,)",Refined Storage,refinedstorage-1.10.5.jar,"[40,)",,refinedstorage;forge;jei,071f68923a01a2f8533b1070d540d8e7a4f480df,1.10.5
"refinedstorage@[1.10.2,)",Refined Storage Addons,refinedstorageaddons-0.8.2.jar,"[40,)",,refinedstorageaddons;refinedstorage,bb3018f9e0701248cec2acd3b81b3bc0669f1fe4,0.8.2
,RFToolsBase,rftoolsbase-1.18-3.0.12.jar,"[39,)",,rftoolsbase,9ad969667675be81391a2f06eb05b7fe7b68800a,${file.jarVersion}
,RFToolsBuilder,rftoolsbuilder-1.18-4.1.3.jar,"[39,)",,rftoolsbuilder,696c43ca6239d848bfd30587c3577b2071fef627,${file.jarVersion}
,RFToolsControl,rftoolscontrol-1.18-5.0.10.jar,"[39,)",,rftoolscontrol,48a02680643542f890ac5d588d0b9634e5b31380,${file.jarVersion}
,RFToolsPower,rftoolspower-1.18-4.0.9.jar,"[39,)",,rftoolspower,a340aa42bb2e4e92dda4ef2e3f7e45c9a921ed9d,${file.jarVersion}
,RFToolsStorage,rftoolsstorage-1.18-3.0.12.jar,"[39,)",,rftoolsstorage,68f6a1e044e91261c3d383819ba3d3006e08e550,${file.jarVersion}
,RFToolsUtility,rftoolsutility-1.18-4.0.23.jar,"[39,)",,rftoolsutility,9bdc9ad4fa7bf86b97aadf3d8eda3324d1846286,${file.jarVersion}
"forge@[38.0.0,);minecraft@[1.18,)",Rhino,rhino-forge-1802.2.1-build.255.jar,"[38,)","[1.18,)",rhino;forge;minecraft,75416af83d41e260a0d5a1e9789ba1914ac0bd1b,1802.2.1-build.255
,RSRequestify,rsrequestify-2.2.0.jar,"[28,)",,rsrequestify,bb5a5ff4e85dca771cc2011dc4cbbd5ae912ea3a,${file.jarVersion}
,Shutup Experimental Settings!,shutupexperimentalsettings-1.0.5.jar,"[40,)",,shutupexperimentalsettings,ad722f0e86a61310bdcea8975a106f0a4148ccb2,1.0.5
,Simple Magnets,simplemagnets-1.1.9-forge-mc1.18.jar,"[38,)",,simplemagnets,ccee3d13b60414359ee51295dddf9aebaf3821bb,1.1.9
"forge@[39.0.0,);sophisticatedcore@[1.18.2-0.5.61,)",Sophisticated Backpacks,sophisticatedbackpacks-1.18.2-3.18.57.888.jar,"[18,)",,sophisticatedbackpacks;forge;sophisticatedcore,e056bbd3fcdcb6ddab5507f5a90561d15252d139,${file.jarVersion}
"forge@[39.0.0,)",Sophisticated Core,sophisticatedcore-1.18.2-0.5.82.393.jar,"[18,)",,sophisticatedcore;forge,fbd46364a05140bc45d6fbaaf0242c3bc8369f1e,${file.jarVersion}
"forge@[40,);minecraft@[1.18.2,);architectury@[4.9.83,)",Squat Grow,squatgrow-forge-2.0.2-build.38+mc1.18.2.jar,"[40,)","[1.18.2,)",squatgrow;forge;minecraft;architectury,731bc9e951a28bb5466fcd40d138e90ef9c6011a,2.0.2-build.38+mc1.18.2
,SuperMartijn642,supermartijn642configlib-1.1.7-forge-mc1.18.jar,"[38,)",,supermartijn642configlib,3d3ad634e58a71bb190f3ae03008eb0889d566a5,1.1.7
,SuperMartijn642,supermartijn642corelib-1.1.12-forge-mc1.18.jar,"[38,)",,supermartijn642corelib,7d57e04757fff8ce52b725c3d45b3bdf327e981b,1.1.12
,The One Probe,theoneprobe-1.18-5.1.2.jar,"[38,)",,theoneprobe,7589df5448679b4c55d89d2ea397759725d98e90,${file.jarVersion}
"minecraft@[1.18.2,1.19);forge@[40.1.76,);cofh_core@[9.2,9.3];thermal@[9.2,9.3];thermal_foundation@[9.2,9.3]",Thermal Cultivation,thermal_cultivation-1.18.2-9.2.0.16.jar,"[34,)","[1.18.2,1.19)",thermal_cultivation;minecraft;forge;cofh_core;thermal;thermal_foundation,443f9476cb43ef228914a98ede0eb33bc2f03f3d,${file.jarVersion}
"minecraft@[1.18.2,1.19);forge@[40.1.76,);cofh_core@[9.2,9.3];thermal@[9.2,9.3];thermal_foundation@[9.2,9.3]",Thermal Expansion,thermal_expansion-1.18.2-9.2.0.20.jar,"[34,)","[1.18.2,1.19)",thermal_expansion;minecraft;forge;cofh_core;thermal;thermal_foundation,ee08840c9b8b2b39570bc4b718e8646bbd82f5ec,${file.jarVersion}
"minecraft@[1.18.2,1.19);forge@[40.1.76,);cofh_core@[9.2,9.3];minecraft@[1.18.2,1.19);forge@[40.1.76,);cofh_core@[9.2,9.3];thermal@[9.2,9.3];crafttweaker@[7.1.2.414,)",Thermal Series;Thermal Foundation,thermal_foundation-1.18.2-9.2.0.46.jar,"[34,)","[1.18.2,1.19);[1.18.2,1.19)",thermal;minecraft;forge;cofh_core;thermal_foundation;minecraft;forge;cofh_core;thermal;crafttweaker,ca4b23178e72da328d266f6ab3136058ea7f7c35,${file.jarVersion};${file.jarVersion}
"minecraft@[1.18.2,1.19);forge@[40.1.76,);cofh_core@[9.2,9.3];thermal@[9.2,9.3];thermal_foundation@[9.2,9.3]",Thermal Innovation,thermal_innovation-1.18.2-9.2.0.17.jar,"[34,)","[1.18.2,1.19)",thermal_innovation;minecraft;forge;cofh_core;thermal;thermal_foundation,4ba469f7febe08bd3dca5d03f95e0c8872987623,${file.jarVersion}
"minecraft@[1.18.2,1.19);forge@[40.1.76,);cofh_core@[9.2,9.3];thermal@[9.2,9.3];thermal_foundation@[9.2,9.3]",Thermal Locomotion,thermal_locomotion-1.18.2-9.2.0.13.jar,"[34,)","[1.18.2,1.19)",thermal_locomotion;minecraft;forge;cofh_core;thermal;thermal_foundation,01ac0432e6f854c596e37c0038ad22c4af2bdfa7,${file.jarVersion}
,Time In A Bottle,time-in-a-bottle-2.1.0-mc1.18.1.jar,"[38,)",,tiab,75481f0016057a365c458c9a0fcf769362cb7e1b,${file.jarVersion}
,Tiny Gates,tinygates-2.1.1.jar,"[37,)",,tinygates,d98d7e1b1b498ef800b71b9911fa3e41bb0e3056,${file.jarVersion}
,Tiny Redstone,tinyredstone-1.18.2-3.2.7.jar,"[37,)",,tinyredstone,d1f214808bbe2006c820709f7604e689cd343bbc,${file.jarVersion}
"forge@[37,)",Titanium,titanium-1.18.2-3.5.9-43.jar,"[37,)",,titanium;forge,0c527c49251777245bbcb8483c592b77cc0e5483,${file.jarVersion}
,Torchmaster,torchmaster-18.2.1.jar,"[28,)",,torchmaster,3790f3ecc1fbd0195fc8ff45ad1c8f3efa50c6a2,${file.jarVersion}
,Trash Cans,trashcans-1.0.18-forge-mc1.18.jar,"[38,)",,trashcans,631880798fe6983a3d03bf28eb554ec893264df1,1.0.18
,TrashSlot,trashslot-forge-1.18.2-11.0.3.jar,"[38,)",,trashslot,97eafc1921165f2f2f992c47df7b049db77f760c,${file.jarVersion}
,Waystones,waystones-forge-1.18.2-10.2.1.jar,"[40,)",,waystones,05500866189bc9b66b54859302adc4936fc74359,${file.jarVersion}
,XNet,xnet-1.18-4.0.9.jar,"[39,)",,xnet,5d6d9cbc2991fbc688e68277867ff373f525fbd5,${file.jarVersion}
